Date,Name,Year,Letterboxd URI
2021-12-07,"Pepi, Luci, Bom",1980,https://boxd.it/24ek
2021-12-07,Dark Habits,1983,https://boxd.it/20tg
2021-12-07,Matador,1986,https://boxd.it/20EI
2021-12-07,Law of Desire,1987,https://boxd.it/24Pg
2021-12-07,Women on the Verge of a Nervous Breakdown,1988,https://boxd.it/24GI
2021-12-07,Tie Me Up! Tie Me Down!,1989,https://boxd.it/26FW
2021-12-07,High Heels,1991,https://boxd.it/20sW
2021-12-07,The Flower of My Secret,1995,https://boxd.it/24we
2021-12-07,Live Flesh,1997,https://boxd.it/2aJ4
2021-12-07,All About My Mother,1999,https://boxd.it/2b9c
2021-12-07,Talk to Her,2002,https://boxd.it/2beG
2021-12-07,Bad Education,2004,https://boxd.it/2b2K
2021-12-07,Volver,2006,https://boxd.it/2aQO
2021-12-07,Broken Embraces,2009,https://boxd.it/20yU
2021-12-07,The Skin I Live In,2011,https://boxd.it/99A
2021-12-07,I'm So Excited!,2013,https://boxd.it/4BRI
2021-12-07,Julieta,2016,https://boxd.it/aY26
2021-12-07,Pain and Glory,2019,https://boxd.it/iOBQ
2021-12-07,Parallel Mothers,2021,https://boxd.it/sOP4
2021-12-07,Mulholland Drive,2001,https://boxd.it/297o
2021-12-07,Blue Velvet,1986,https://boxd.it/29BI
2021-12-07,Eraserhead,1977,https://boxd.it/299u
2021-12-07,The Elephant Man,1980,https://boxd.it/27LQ
2021-12-07,Lost Highway,1997,https://boxd.it/29Wc
2021-12-07,Twin Peaks: Fire Walk with Me,1992,https://boxd.it/27Qw
2021-12-07,Dune,1984,https://boxd.it/29tY
2021-12-07,Wild at Heart,1990,https://boxd.it/2aii
2021-12-07,Inland Empire,2006,https://boxd.it/28d6
2021-12-07,Twin Peaks,1989,https://boxd.it/g8pk
2021-12-07,Spirited Away,2001,https://boxd.it/2b4m
2021-12-07,My Neighbor Totoro,1988,https://boxd.it/20eA
2021-12-07,Howl's Moving Castle,2004,https://boxd.it/23De
2021-12-07,Kiki's Delivery Service,1989,https://boxd.it/1JAY
2021-12-07,The Wind Rises,2013,https://boxd.it/4JQS
2021-12-07,Maixabel,2021,https://boxd.it/uFEA
2021-12-07,Take My Eyes,2003,https://boxd.it/28Ne
2021-12-07,"Hi, Are You Alone?",1995,https://boxd.it/26CI
2021-12-07,Flowers From Another World,1999,https://boxd.it/sWQ
2021-12-07,The Others,2001,https://boxd.it/27Po
2021-12-07,Open Your Eyes,1997,https://boxd.it/27TU
2021-12-07,Thesis,1996,https://boxd.it/1Z1U
2021-12-07,Welcome Mr. Marshall!,1953,https://boxd.it/1i50
2021-12-07,The Executioner,1963,https://boxd.it/24eu
2021-12-07,Pulp Fiction,1994,https://boxd.it/29Pq
2021-12-07,Kill Bill: Vol. 1,2003,https://boxd.it/70w
2021-12-07,Reservoir Dogs,1992,https://boxd.it/2agc
2021-12-07,Coraline,2009,https://boxd.it/1NhQ
2021-12-07,Corpse Bride,2005,https://boxd.it/24WQ
2021-12-07,Kubo and the Two Strings,2016,https://boxd.it/a4wE
2021-12-07,ParaNorman,2012,https://boxd.it/2FuY
2021-12-07,I Kill Giants,2017,https://boxd.it/ePQ0
2021-12-07,Chicago,2002,https://boxd.it/28zm
2021-12-07,The Pianist,2002,https://boxd.it/2aqc
2021-12-07,The Mitchells vs. the Machines,2021,https://boxd.it/i7xm
2021-12-07,Soul,2020,https://boxd.it/ioLA
2021-12-07,Inside Out,2015,https://boxd.it/4KHC
2021-12-07,Ratatouille,2007,https://boxd.it/27ww
2021-12-07,Up,2009,https://boxd.it/1OEc
2021-12-07,WALL·E,2008,https://boxd.it/1VEo
2021-12-07,Toy Story,1995,https://boxd.it/29qA
2021-12-07,The Incredibles,2004,https://boxd.it/1XLm
2021-12-07,"Monsters, Inc.",2001,https://boxd.it/2a46
2021-12-07,Toy Story 3,2010,https://boxd.it/1WRe
2021-12-07,Luca,2021,https://boxd.it/ipjC
2021-12-07,Toy Story 4,2019,https://boxd.it/9ALu
2021-12-07,Toy Story 2,1999,https://boxd.it/29qq
2021-12-07,Onward,2020,https://boxd.it/io92
2021-12-07,Little Miss Sunshine,2006,https://boxd.it/29EW
2021-12-07,Rosemary's Baby,1968,https://boxd.it/29zM
2021-12-07,Gone with the Wind,1939,https://boxd.it/29Fq
2021-12-07,Citizen Kane,1941,https://boxd.it/71O
2021-12-07,Gentlemen Prefer Blondes,1953,https://boxd.it/29Hc
2021-12-07,Requiem for a Dream,2000,https://boxd.it/29VI
2021-12-07,The Tale,2018,https://boxd.it/cOkI
2021-12-07,The Breakfast Club,1985,https://boxd.it/27q4
2021-12-07,Breakfast at Tiffany's,1961,https://boxd.it/2aYS
2021-12-07,Donnie Darko,2001,https://boxd.it/2b2A
2021-12-07,Memento,2000,https://boxd.it/2bcK
2021-12-07,Shutter Island,2010,https://boxd.it/1U82
2021-12-07,Precious,2009,https://boxd.it/1v6K
2021-12-07,The Letter,1940,https://boxd.it/1I3Y
2021-12-07,All About Eve,1950,https://boxd.it/29LI
2021-12-07,Maurice,1987,https://boxd.it/1tZy
2021-12-07,Call Me by Your Name,2017,https://boxd.it/dYmm
2021-12-07,Over the Moon,2020,https://boxd.it/kv2Q
2021-12-07,My Own Private Idaho,1991,https://boxd.it/2ak4
2021-12-07,Neon Genesis Evangelion,1995,https://boxd.it/ptEI
2021-12-07,Vertigo,1958,https://boxd.it/2apI
2021-12-07,A Clockwork Orange,1971,https://boxd.it/2aVE
2021-12-07,Groundhog Day,1993,https://boxd.it/2b3e
2021-12-07,Perfect Blue,1997,https://boxd.it/1W7A
2021-12-07,The Shining,1980,https://boxd.it/29Nu
2021-12-07,Psycho,1960,https://boxd.it/2ab2
2021-12-07,2001: A Space Odyssey,1968,https://boxd.it/2bf0
2021-12-07,The Silence of the Lambs,1991,https://boxd.it/2aHW
2021-12-07,Paprika,2006,https://boxd.it/23wW
2021-12-07,Neon Genesis Evangelion: The End of Evangelion,1997,https://boxd.it/1GRM
2021-12-07,Kids,1995,https://boxd.it/1YUY
2021-12-07,Marriage Story,2019,https://boxd.it/hJAw
2021-12-07,The Truman Show,1998,https://boxd.it/18U8
2021-12-09,Veneno,2020,https://boxd.it/srim
2021-12-09,Holy Camp!,2017,https://boxd.it/f5Vg
2021-12-09,Hereditary,2018,https://boxd.it/hNVe
2021-12-09,Midsommar,2019,https://boxd.it/jhxe
2021-12-10,What Have I Done to Deserve This?,1984,https://boxd.it/20t6
2021-12-17,Encanto,2021,https://boxd.it/kPRu
2021-12-17,Grave of the Fireflies,1988,https://boxd.it/1RUM
2021-12-17,Memoirs of a Geisha,2005,https://boxd.it/27TA
2021-12-22,Libertad,2021,https://boxd.it/omnI
2021-12-22,Booksmart,2019,https://boxd.it/igNS
2021-12-22,My Life Without Me,2003,https://boxd.it/710
2021-12-22,When the Wind Blows,1986,https://boxd.it/1VdC
2021-12-26,Juno,2007,https://boxd.it/210a
2021-12-26,Mean Girls,2004,https://boxd.it/1VNg
2021-12-26,Inception,2010,https://boxd.it/1skk
2021-12-26,Amélie,2001,https://boxd.it/2aUc
2021-12-26,Knives Out,2019,https://boxd.it/jWEA
2021-12-26,The Wolf of Wall Street,2013,https://boxd.it/3C1m
2021-12-26,Legally Blonde,2001,https://boxd.it/1ZNa
2021-12-26,La La Land,2016,https://boxd.it/a5fa
2021-12-26,Carmen & Lola,2018,https://boxd.it/iOYq
2021-12-26,The Wizard of Oz,1939,https://boxd.it/29Xu
2021-12-26,Sunset Boulevard,1950,https://boxd.it/2a20
2021-12-26,Annie Hall,1977,https://boxd.it/29M2
2021-12-26,Charade,1963,https://boxd.it/23O2
2021-12-26,Shrek,2001,https://boxd.it/29zi
2021-12-26,Finding Nemo,2003,https://boxd.it/72i
2021-12-26,Black Swan,2010,https://boxd.it/Sw0
2021-12-26,Black Mirror: San Junipero,2016,https://boxd.it/k4aS
2021-12-27,Lilya 4-ever,2002,https://boxd.it/1SyW
2021-12-30,Primer,2004,https://boxd.it/6YA
2021-12-30,Lady Bird,2017,https://boxd.it/dGNE
2021-12-30,Girlfriends,2021,https://boxd.it/tQaE
2022-01-03,Lolita,1962,https://boxd.it/29Ag
2022-01-03,Carol,2015,https://boxd.it/7DPK
2022-01-03,Eighth Grade,2018,https://boxd.it/hDMG
2022-01-03,Being John Malkovich,1999,https://boxd.it/2ahu
2022-01-03,Moonlight,2016,https://boxd.it/d6bE
2022-01-03,Thelma & Louise,1991,https://boxd.it/28Ew
2022-01-03,From Up on Poppy Hill,2011,https://boxd.it/2VCa
2022-01-03,School of Rock,2003,https://boxd.it/28xK
2022-01-03,Clueless,1995,https://boxd.it/1Ygk
2022-01-03,Your Name.,2016,https://boxd.it/cUqs
2022-01-03,Tangled,2010,https://boxd.it/15gO
2022-01-03,Easy A,2010,https://boxd.it/17DK
2022-01-03,Napoleon Dynamite,2004,https://boxd.it/20wu
2022-01-04,Elephant,2003,https://boxd.it/287i
2022-01-09,But I'm a Cheerleader,1999,https://boxd.it/1CW4
2022-01-09,The Perks of Being a Wallflower,2012,https://boxd.it/2ZA8
2022-01-09,Amadeus,1984,https://boxd.it/2aH8
2022-01-09,Funny Girl,1968,https://boxd.it/1KR2
2022-01-09,Fight Club,1999,https://boxd.it/2a9q
2022-01-09,Zoolander,2001,https://boxd.it/1YMA
2022-01-10,Tangerine,2015,https://boxd.it/9QRe
2022-01-12,Banana Fish,2018,https://boxd.it/qL4q
2022-01-12,Evangelion: 3.0 You Can (Not) Redo,2012,https://boxd.it/2BwG
2022-01-12,Puella Magi Madoka Magica,2011,https://boxd.it/px3c
2022-01-12,Promare,2019,https://boxd.it/keFQ
2022-01-14,Certified Copy,2010,https://boxd.it/IMW
2022-01-14,The Bookshop,2017,https://boxd.it/fOua
2022-01-15,Eternal Sunshine of the Spotless Mind,2004,https://boxd.it/6YK
2022-01-15,Bo Burnham: Inside,2021,https://boxd.it/v2uy
2022-01-16,Evangelion: 3.0+1.0 Thrice Upon a Time,2021,https://boxd.it/8LnQ
2022-01-16,Modern Times,1936,https://boxd.it/25MC
2022-01-16,Her,2013,https://boxd.it/4O24
2022-01-16,Martyrs,2008,https://boxd.it/1Yqu
2022-01-17,Starlet,2012,https://boxd.it/3dvG
2022-01-19,Over the Garden Wall,2014,https://boxd.it/eqFw
2022-01-19,The Way He Looks,2014,https://boxd.it/70yA
2022-01-19,Your Name Engraved Herein,2020,https://boxd.it/qWwA
2022-01-19,As Good as It Gets,1997,https://boxd.it/268y
2022-01-19,Lilo & Stitch,2002,https://boxd.it/1TAY
2022-01-20,West Side Story,2021,https://boxd.it/iwt0
2022-01-20,Weathering with You,2019,https://boxd.it/kPxE
2022-01-20,The Garden of Words,2013,https://boxd.it/5Ymq
2022-01-23,Eyes Wide Shut,1999,https://boxd.it/2axs
2022-01-23,The Florida Project,2017,https://boxd.it/dMG0
2022-01-23,Drive,2011,https://boxd.it/IG
2022-01-23,The Hunchback of Notre Dame,1996,https://boxd.it/1VZQ
2022-01-23,Hercules,1997,https://boxd.it/1SDW
2022-01-23,Monsters University,2013,https://boxd.it/bQm
2022-01-23,Shrek 2,2004,https://boxd.it/29z8
2022-01-23,Moana,2016,https://boxd.it/8tfY
2022-01-23,Madagascar,2005,https://boxd.it/29dc
2022-01-23,The Simpsons Movie,2007,https://boxd.it/6YU
2022-01-23,The Princess and the Frog,2009,https://boxd.it/1WQq
2022-01-23,A Silent Voice: The Movie,2016,https://boxd.it/d99c
2022-01-23,Alice in Wonderland,1951,https://boxd.it/1Sz6
2022-01-23,Peter Pan,1953,https://boxd.it/1VCC
2022-01-23,Minions,2015,https://boxd.it/6jCO
2022-01-23,Chicken Little,2005,https://boxd.it/1Xnu
2022-01-23,Cinderella,1950,https://boxd.it/1Uki
2022-01-23,Chico & Rita,2010,https://boxd.it/6O6
2022-01-23,One Hundred and One Dalmatians,1961,https://boxd.it/1SeC
2022-01-23,When Marnie Was There,2014,https://boxd.it/78pm
2022-01-23,In a Heartbeat,2017,https://boxd.it/ggzW
2022-01-23,Summer Wars,2009,https://boxd.it/1oDC
2022-01-23,Wish Dragon,2021,https://boxd.it/k6w2
2022-01-23,Serial Experiments Lain,1998,https://boxd.it/hYQE
2022-01-23,Paperman,2012,https://boxd.it/4uYW
2022-01-24,Squid Game,2021,https://boxd.it/x1OG
2022-01-24,The Nightmare Before Christmas,1993,https://boxd.it/1YzQ
2022-01-24,Rosa's Wedding,2020,https://boxd.it/pmcs
2022-01-25,A Streetcar Named Desire,1951,https://boxd.it/29Mc
2022-01-25,Room,2015,https://boxd.it/7T0y
2022-01-25,In the Mood for Love,2000,https://boxd.it/29tE
2022-01-27,Night on the Galactic Railroad,1985,https://boxd.it/1800
2022-01-30,Grand Hotel,1932,https://boxd.it/1f2C
2022-02-01,The Impossible,2012,https://boxd.it/2N9k
2022-02-01,Ring,1998,https://boxd.it/26tw
2022-02-01,Princesses,2005,https://boxd.it/2932
2022-02-04,Gone Girl,2014,https://boxd.it/6hQu
2022-02-04,The Prince of Egypt,1998,https://boxd.it/1XGQ
2022-02-04,The Boy in the Striped Pyjamas,2008,https://boxd.it/1NOK
2022-02-04,Casablanca,1942,https://boxd.it/2aG0
2022-02-05,Singin' in the Rain,1952,https://boxd.it/29oY
2022-02-06,Scarface,1983,https://boxd.it/2b7g
2022-02-08,Sweeney Todd: The Demon Barber of Fleet Street,2007,https://boxd.it/1PcS
2022-02-08,El Bola,2000,https://boxd.it/1flY
2022-02-10,That Was Life,2020,https://boxd.it/shTM
2022-02-12,Journey to a Mother's Room,2018,https://boxd.it/jrls
2022-02-13,Mondays in the Sun,2002,https://boxd.it/tWs
2022-02-14,The House of the Spirits,1993,https://boxd.it/274i
2022-02-14,Arrival,2016,https://boxd.it/aNGk
2022-02-14,Big Eyes,2014,https://boxd.it/36ms
2022-02-14,Puella Magi Madoka Magica the Movie Part III: Rebellion,2013,https://boxd.it/6kx6
2022-02-14,Happy-Go-Lucky,2008,https://boxd.it/1W68
2022-02-20,Barry Lyndon,1975,https://boxd.it/25A2
2022-03-02,Arlo the Alligator Boy,2021,https://boxd.it/sGj0
2022-03-02,Melancholia,2011,https://boxd.it/bPI
2022-03-02,The Parent Trap,1998,https://boxd.it/1XJq
2022-03-05,Pride & Prejudice,2005,https://boxd.it/24u8
2022-03-07,Labyrinth,1986,https://boxd.it/1POC
2022-03-07,Beetlejuice,1988,https://boxd.it/24QI
2022-03-09,An Elephant Sitting Still,2018,https://boxd.it/i1EQ
2022-03-10,Palm Springs,2020,https://boxd.it/lCXQ
2022-03-11,Belladonna of Sadness,1973,https://boxd.it/2q
2022-03-12,Asako I & II,2018,https://boxd.it/hyNk
2022-03-12,Turning Red,2022,https://boxd.it/ipkq
2022-03-14,Mommy,2014,https://boxd.it/7Uau
2022-03-15,Shiva Baby,2020,https://boxd.it/oIv0
2022-03-15,It's Such a Beautiful Day,2012,https://boxd.it/hCY2
2022-03-18,Happiness,1998,https://boxd.it/1VEe
2022-03-19,Blue Is the Warmest Color,2013,https://boxd.it/4O40
2022-03-19,Life of Brian,1979,https://boxd.it/2a4q
2022-03-19,Carnage,2011,https://boxd.it/2peU
2022-03-20,The Book Thief,2013,https://boxd.it/67wO
2022-03-21,Nobody Knows,2004,https://boxd.it/26E0
2022-03-27,Django Unchained,2012,https://boxd.it/2cCk
2022-03-27,Charli XCX: Alone Together,2021,https://boxd.it/tW2w
2022-03-29,Misery,1990,https://boxd.it/28gY
2022-03-29,My Fair Lady,1964,https://boxd.it/1UBI
2022-03-30,The Worst Person in the World,2021,https://boxd.it/oyws
2022-03-30,Words Bubble Up Like Soda Pop,2020,https://boxd.it/ljhG
2022-03-30,Kill Bill: Vol. 2,2004,https://boxd.it/2au4
2022-03-30,Bridget Jones's Diary,2001,https://boxd.it/29WQ
2022-04-01,Meet Me in St. Louis,1944,https://boxd.it/29j0
2022-04-01,One Flew Over the Cuckoo's Nest,1975,https://boxd.it/2aeA
2022-04-01,Fallen Angels,1995,https://boxd.it/1UkW
2022-04-08,Fantastic Mr. Fox,2009,https://boxd.it/1WyQ
2022-04-08,Monster House,2006,https://boxd.it/1Z2e
2022-04-09,Carmina or Blow Up,2012,https://boxd.it/3E2m
2022-04-09,Pan's Labyrinth,2006,https://boxd.it/28No
2022-04-14,The Cabin in the Woods,2011,https://boxd.it/1zOc
2022-04-16,Spencer,2021,https://boxd.it/qPMG
2022-04-18,Jamon Jamon,1992,https://boxd.it/24dQ
2022-04-24,Carmina and Amen,2014,https://boxd.it/772Q
2022-04-27,The Sea Inside,2004,https://boxd.it/27S8
2022-04-29,mother!,2017,https://boxd.it/dgRU
2022-04-30,What Makes Women Laugh?,1997,https://boxd.it/3ovC
2022-04-30,The Olive Tree,2016,https://boxd.it/cH9y
2022-04-30,Get Out,2017,https://boxd.it/eOCm
2022-05-03,Saw,2004,https://boxd.it/2aWW
2022-05-03,"The Adventures of Priscilla, Queen of the Desert",1994,https://boxd.it/26mg
2022-05-05,We Need to Talk About Kevin,2011,https://boxd.it/2pTS
2022-05-06,The Justice of Bunny King,2021,https://boxd.it/srXk
2022-05-07,Dancer in the Dark,2000,https://boxd.it/71E
2022-05-07,Delicatessen,1991,https://boxd.it/29lK
2022-05-08,Kika,1993,https://boxd.it/20sM
2022-05-08,Nymphomaniac: Vol. I,2013,https://boxd.it/7DiG
2022-05-08,Yesterday Never Ends,2013,https://boxd.it/55Yu
2022-05-09,Nymphomaniac: Vol. II,2013,https://boxd.it/7j9Y
2022-05-13,All That Jazz,1979,https://boxd.it/1JB8
2022-05-16,Thelma,2017,https://boxd.it/e7Ce
2022-05-21,The Sound of Music,1965,https://boxd.it/1MLK
2022-05-22,The Piano Teacher,2001,https://boxd.it/2886
2022-05-22,Gora Automatikoa,2021,https://boxd.it/xTcG
2022-05-22,Violeta Doesn't Take the Elevator,2019,https://boxd.it/o7vC
2022-05-27,Skins,2017,https://boxd.it/fsVI
2022-05-27,My Name Is Juani,2006,https://boxd.it/2zO4
2022-05-28,Fargo,1996,https://boxd.it/2aHM
2022-05-30,The Servant,1963,https://boxd.it/VAa
2022-05-30,Ready or Not,2019,https://boxd.it/kOf0
2022-05-30,Greener Grass,2019,https://boxd.it/jYoY
2022-05-31,Swallow,2019,https://boxd.it/lA0i
2022-05-31,Pinocchio,1940,https://boxd.it/1V8C
2022-06-02,Lullaby,2022,https://boxd.it/vvUA
2022-06-03,Videodrome,1983,https://boxd.it/29uC
2022-06-04,Promising Young Woman,2020,https://boxd.it/loRE
2022-06-05,Weekend,2011,https://boxd.it/2Kzu
2022-06-06,American Beauty,1999,https://boxd.it/71Y
2022-06-06,Pitch Perfect,2012,https://boxd.it/3OsE
2022-06-07,Something Is Happening,2018,https://boxd.it/iNCe
2022-06-08,Girlhood,2014,https://boxd.it/7WyI
2022-06-09,Portrait of a Lady on Fire,2019,https://boxd.it/jkPq
2022-06-10,Rosa,2022,https://boxd.it/zJO0
2022-06-11,Alien,1979,https://boxd.it/2awY
2022-06-11,Oh! Mammy Blue,2018,https://boxd.it/iKoI
2022-06-12,Babyteeth,2019,https://boxd.it/iWDU
2022-06-13,End of the Century,2019,https://boxd.it/lAZU
2022-06-15,Cléo from 5 to 7,1962,https://boxd.it/2agm
2022-06-16,Everything Everywhere All at Once,2022,https://boxd.it/jUk4
2022-06-18,The Straight Story,1999,https://boxd.it/2ass
2022-06-19,Three Times,2020,https://boxd.it/qVyq
2022-06-19,The Godfather,1972,https://boxd.it/2aNK
2022-06-20,Standard Deviation,2022,https://boxd.it/AMM4
2022-06-20,Ana by Day,2018,https://boxd.it/fwng
2022-06-21,The Number 23,2007,https://boxd.it/258C
2022-06-21,Taxi Driver,1976,https://boxd.it/2b8y
2022-06-22,Us,2019,https://boxd.it/gnV6
2022-06-23,Crash,1996,https://boxd.it/29n2
2022-06-24,The Invisible Man,2020,https://boxd.it/kWlA
2022-06-29,Through My Window,2022,https://boxd.it/uQGW
2022-06-30,Matthias & Maxime,2019,https://boxd.it/iOQ2
2022-06-30,Clicker,2022,https://boxd.it/BcSi
2022-07-01,Birdboy: The Forgotten Children,2015,https://boxd.it/cj8w
2022-07-01,Cut!,2021,https://boxd.it/v60W
2022-07-01,Haibane Renmei,2002,https://boxd.it/r2L2
2022-07-01,Paranoia Agent,2004,https://boxd.it/lPy0
2022-07-01,The Fly,1986,https://boxd.it/1YIe
2022-07-02,The Lobster,2015,https://boxd.it/7tnw
2022-07-05,Cinderella,2021,https://boxd.it/lSCY
2022-07-08,Notes on a Scandal,2006,https://boxd.it/28Zu
2022-07-09,Sauvage,2018,https://boxd.it/iNp0
2022-07-10,Blancanieves,2012,https://boxd.it/4bwu
2022-07-10,The National Shotgun,1978,https://boxd.it/3S4G
2022-07-10,Panty & Stocking with Garterbelt,2010,https://boxd.it/pIhu
2022-07-12,Carrie,1976,https://boxd.it/20ZQ
2022-07-13,Farrucas,2021,https://boxd.it/vtr2
2022-07-16,"Girl, Interrupted",1999,https://boxd.it/25ds
2022-07-18,Bambola,1996,https://boxd.it/v8O
2022-07-20,Happy Together,1997,https://boxd.it/1Ha0
2022-07-24,"Synecdoche, New York",2008,https://boxd.it/23zw
2022-07-25,The Island Inside,2009,https://boxd.it/3kI8
2022-07-26,Ghost in the Shell,1995,https://boxd.it/1YYc
2022-07-27,The Brown Bunny,2003,https://boxd.it/1RnI
2022-07-29,Heartbeast,2022,https://boxd.it/rfSA
2022-07-29,American Psycho,2000,https://boxd.it/28Vs
2022-07-30,Three Colours: Blue,1993,https://boxd.it/2b7K
2022-07-31,The Hill Where Lionesses Roar,2021,https://boxd.it/uVt4
2022-08-02,Sleeping Beauty,1959,https://boxd.it/1V9A
2022-08-03,Lazarus,2020,https://boxd.it/sq7C
2022-08-03,Dr. Strangelove or: How I Learned to Stop Worrying and Love the Bomb,1964,https://boxd.it/29eY
2022-08-05,Heathers,1989,https://boxd.it/26x4
2022-08-07,Blue My Mind,2017,https://boxd.it/ghj6
2022-08-08,Irreversible,2002,https://boxd.it/29as
2022-08-11,Softie,2021,https://boxd.it/oCIs
2022-08-12,Mighty Flash,2021,https://boxd.it/tgk4
2022-08-13,Three Colours: White,1994,https://boxd.it/2b7A
2022-08-22,Three Colours: Red,1994,https://boxd.it/2b7q
2022-08-22,Gilda,1946,https://boxd.it/251G
2022-08-25,Jezebel,1938,https://boxd.it/27IM
2022-09-01,The Boxtrolls,2014,https://boxd.it/5grw
2022-09-04,Antichrist,2009,https://boxd.it/1Inu
2022-09-05,The Innocence,2019,https://boxd.it/n52Q
2022-09-08,Rear Window,1954,https://boxd.it/2a6Q
2022-09-08,The Blair Witch Project,1999,https://boxd.it/26ua
2022-09-09,Pink Flamingos,1972,https://boxd.it/29NO
2022-09-10,The Lady from Shanghai,1947,https://boxd.it/251Q
2022-09-11,Lola,1981,https://boxd.it/273u
2022-09-12,The House,2022,https://boxd.it/yVza
2022-09-13,Aloma & Mila,2020,https://boxd.it/umsq
2022-09-14,Professor Layton and the Eternal Diva,2009,https://boxd.it/10gu
2022-09-14,The Birds,1963,https://boxd.it/2a6m
2022-09-17,Dragonflies,2022,https://boxd.it/zBDI
2022-09-21,Dogville,2003,https://boxd.it/2a8W
2022-09-22,The Virgin Suicides,1999,https://boxd.it/28JG
2022-09-24,The Human Voice,2020,https://boxd.it/p148
2022-09-29,The Phantom of the Sauna,2021,https://boxd.it/xxrO
2022-10-01,Victoria,2015,https://boxd.it/amSe
2022-10-04,Happy Hour,2015,https://boxd.it/bXge
2022-10-04,Cabaret,1972,https://boxd.it/1Vpe
2022-10-09,West Side Story,1961,https://boxd.it/28dK
2022-10-09,All Too Well: The Short Film,2021,https://boxd.it/xTmc
2022-10-09,Where Is the Friend's House?,1987,https://boxd.it/ELg
2022-10-09,Counting Sheep,2022,https://boxd.it/xu14
2022-10-11,X,2022,https://boxd.it/sxVa
2022-10-11,Belle Époque,1992,https://boxd.it/26FM
2022-10-14,Crimes of the Future,2022,https://boxd.it/uTuY
2022-10-18,María (and Everybody Else),2016,https://boxd.it/eEHc
2022-10-23,Wild Flowers,2022,https://boxd.it/sOTg
2022-10-23,Grease,1978,https://boxd.it/29YW
2022-10-23,The Jungle Book,1967,https://boxd.it/1YY2
2022-10-23,Beauty and the Beast,1991,https://boxd.it/1XhG
2022-10-23,Frozen,2013,https://boxd.it/3GNa
2022-10-24,Love Happy,1949,https://boxd.it/1t7w
2022-10-24,The Rocky Horror Picture Show,1975,https://boxd.it/1a3q
2022-10-26,Audition,1999,https://boxd.it/1UHm
2022-10-27,A Star Is Born,1954,https://boxd.it/25I6
2022-10-30,L'Homme Machine,1885,https://boxd.it/lwWW
2022-10-30,Boat Leaving the Port,1895,https://boxd.it/4e02
2022-10-30,A Trip to the Moon,1902,https://boxd.it/29EC
2022-10-30,The Whole Nine Yards,2000,https://boxd.it/27vS
2022-10-30,Angels Inc,2007,https://boxd.it/7q76
2022-10-30,[REC],2007,https://boxd.it/20ma
2022-10-30,Full Metal Jacket,1987,https://boxd.it/2a1Q
2022-10-31,The Apartment,1960,https://boxd.it/2aGE
2022-11-04,Persona,1966,https://boxd.it/29B4
2022-11-05,Marie Antoinette,2006,https://boxd.it/27Wa
2022-11-07,The Day of the Beast,1995,https://boxd.it/1Vyg
2022-11-10,Piggy,2022,https://boxd.it/w05y
2022-11-11,Lux Æterna,2019,https://boxd.it/m6b8
2022-11-15,Twilight,2008,https://boxd.it/1Zui
2022-11-15,The Twilight Saga: New Moon,2009,https://boxd.it/1Hj2
2022-11-16,The Twilight Saga: Eclipse,2010,https://boxd.it/1ytW
2022-11-16,The Twilight Saga: Breaking Dawn – Part 1,2011,https://boxd.it/DdM
2022-11-16,The Twilight Saga: Breaking Dawn – Part 2,2012,https://boxd.it/DdC
2022-11-17,Autumn Sonata,1978,https://boxd.it/1Rio
2022-11-17,Summer Stock,1950,https://boxd.it/UBm
2022-11-21,Cosmopolis,2012,https://boxd.it/H4O
2022-11-22,Fifty Shades of Grey,2015,https://boxd.it/6qLo
2022-11-29,Fifty Shades Freed,2018,https://boxd.it/bb5C
2022-11-29,Fifty Shades Darker,2017,https://boxd.it/bm2E
2022-12-04,Frances Ha,2012,https://boxd.it/41Xg
2022-12-04,The Princess Bride,1987,https://boxd.it/26EY
2022-12-04,Dirty Dancing,1987,https://boxd.it/2baY
2022-12-07,The Beasts,2022,https://boxd.it/w1L6
2022-12-07,"Hello, Dolly!",1969,https://boxd.it/1OTG
2022-12-08,Alice in Wonderland,2010,https://boxd.it/1Spq
2022-12-10,The Shape of Water,2017,https://boxd.it/dZ5m
2022-12-12,Guillermo del Toro's Pinocchio,2022,https://boxd.it/kjMW
2022-12-17,Pitch Perfect 2,2015,https://boxd.it/7tNa
2022-12-20,Pitch Perfect 3,2017,https://boxd.it/bUre
2022-12-22,The Band Wagon,1953,https://boxd.it/1nCI
2022-12-24,Jane Eyre,2011,https://boxd.it/15rs
2022-12-26,The Young Girls of Rochefort,1967,https://boxd.it/26K8
2022-12-26,Alita: Battle Angel,2019,https://boxd.it/e0rS
2022-12-31,Nightcrawler,2014,https://boxd.it/780m
2023-01-01,Manchester by the Sea,2016,https://boxd.it/b2L0
2023-01-04,Isn't It Romantic,2019,https://boxd.it/g1jE
2023-01-04,Sleep Tight,2011,https://boxd.it/2GjC
2023-01-04,Bebe's Kids,1992,https://boxd.it/1aci
2023-01-05,Fire Island,2022,https://boxd.it/vV8C
2023-01-07,Pearl,2022,https://boxd.it/zPbe
2023-01-09,Manticore,2022,https://boxd.it/syL6
2023-01-10,Titane,2021,https://boxd.it/nlQC
2023-01-14,Puss in Boots: The Last Wish,2022,https://boxd.it/aaie
2023-01-15,M3GAN,2022,https://boxd.it/jxmG
2023-01-18,Rebecca,1940,https://boxd.it/2aQa
2023-01-23,Aftersun,2022,https://boxd.it/Arw0
2023-01-24,An American in Paris,1951,https://boxd.it/26kY
2023-01-25,The Girl from the Marsh Croft,1935,https://boxd.it/4fUU
2023-01-25,Piety,2022,https://boxd.it/BjwI
2023-01-29,Vicky Cristina Barcelona,2008,https://boxd.it/23rW
2023-01-30,The Whale,2022,https://boxd.it/tw4c
2023-02-04,The Water,2022,https://boxd.it/zirS
2023-02-07,Bag,2001,https://boxd.it/jbae
2023-02-13,TÁR,2022,https://boxd.it/uNIA
2023-02-17,Submarine,2010,https://boxd.it/H4a
2023-02-19,Knock at the Cabin,2023,https://boxd.it/npL2
2023-02-20,The Double Life of Véronique,1991,https://boxd.it/28va
2023-02-21,Million Dollar Baby,2004,https://boxd.it/2bdI
2023-02-22,Nowhere,1997,https://boxd.it/286E
2023-02-28,Tokyo Story,1953,https://boxd.it/1HuY
2023-03-03,Suicide Club,2001,https://boxd.it/1RkY
2023-03-06,Licorice Pizza,2021,https://boxd.it/qTKY
2023-03-12,Theorem,1968,https://boxd.it/237C
2023-03-18,Accident,1967,https://boxd.it/2AHS
2023-03-20,The Menu,2022,https://boxd.it/lScm
2023-03-27,Barbie: Fairytopia,2005,https://boxd.it/1Quo
2023-03-28,Barbie Fairytopia: Mermaidia,2006,https://boxd.it/1Que
2023-03-29,Barbie Fairytopia: Magic of the Rainbow,2007,https://boxd.it/1Jri
2023-03-29,Barbie as The Princess & the Pauper,2004,https://boxd.it/1MGU
2023-03-30,Three Steps Above Heaven,2010,https://boxd.it/cpG
2023-04-02,Barbie and the Diamond Castle,2008,https://boxd.it/1R2K
2023-04-03,Bratz: Rock Angelz,2005,https://boxd.it/KkK
2023-04-04,Steven Universe: The Movie,2019,https://boxd.it/jyE2
2023-04-04,Barbie in the 12 Dancing Princesses,2006,https://boxd.it/1R34
2023-04-05,Lady Blue Shanghai,2010,https://boxd.it/DQz0
2023-04-05,Far from the Madding Crowd,2015,https://boxd.it/7lpa
2023-04-05,The Idiots,1998,https://boxd.it/2amu
2023-04-06,Show Me Love,1998,https://boxd.it/1TmW
2023-04-06,The Super Mario Bros. Movie,2023,https://boxd.it/i8C8
2023-04-06,Smiling Friends,2020,https://boxd.it/pKrc
2023-04-06,The Smiling Friends Go to Brazil!,2022,https://boxd.it/CT8Y
2023-04-08,Suro,2022,https://boxd.it/vvb6
2023-04-09,Moulin Rouge!,2001,https://boxd.it/29wI
2023-04-10,Ghost World,2001,https://boxd.it/28Dy
2023-04-11,It's Always Fair Weather,1955,https://boxd.it/1Ikq
2023-04-11,Barbie as the Island Princess,2007,https://boxd.it/1Quy
2023-04-17,Breaking the Waves,1996,https://boxd.it/2b1W
2023-04-18,Barbie and the Magic of Pegasus,2005,https://boxd.it/1Lgc
2023-04-18,Xanadu,1980,https://boxd.it/1LMs
2023-04-24,Gold Diggers of 1933,1933,https://boxd.it/1iW4
2023-04-24,The Girl Who Leapt Through Time,2006,https://boxd.it/1OPa
2023-04-25,Barbie: A Fairy Secret,2011,https://boxd.it/lZI
2023-04-27,Barbie: Dolphin Magic,2017,https://boxd.it/h75K
2023-04-28,Things to Come,2016,https://boxd.it/d0wc
2023-04-29,Funeral Parade of Roses,1969,https://boxd.it/28Cg
2023-04-29,The Secret Life of Words,2005,https://boxd.it/2b1s
2023-04-30,Top Hat,1935,https://boxd.it/25MW
2023-05-02,Benedetta,2021,https://boxd.it/gdNQ
2023-05-09,The Texas Chain Saw Massacre,1974,https://boxd.it/1lcS
2023-05-11,Strange Magic,2015,https://boxd.it/9CL2
2023-05-11,Barbie of Swan Lake,2003,https://boxd.it/1MZM
2023-05-11,Barbie in the Nutcracker,2001,https://boxd.it/1MGA
2023-05-12,Red Shoes and the Seven Dwarfs,2019,https://boxd.it/hv5Y
2023-05-12,The Passion of Anna,1969,https://boxd.it/Wus
2023-05-14,42nd Street,1933,https://boxd.it/25PQ
2023-05-15,The Hunger Games,2012,https://boxd.it/2uds
2023-05-18,Dogtooth,2009,https://boxd.it/158K
2023-05-20,Manderlay,2005,https://boxd.it/27Mu
2023-05-22,"Salò, or the 120 Days of Sodom",1975,https://boxd.it/237s
2023-05-27,The Crow,1994,https://boxd.it/1Yxq
2023-05-28,Stand by Me,1986,https://boxd.it/2aOe
2023-05-30,Strange Way of Life,2023,https://boxd.it/Aomw
2023-05-30,The Barbie Diaries,2006,https://boxd.it/1Bw0
2023-06-01,Barbie: Princess Charm School,2011,https://boxd.it/2vLK
2023-06-01,Footlight Parade,1933,https://boxd.it/1pBM
2023-06-04,Spider-Man: Into the Spider-Verse,2018,https://boxd.it/azpY
2023-06-09,Meshes of the Afternoon,1943,https://boxd.it/1sEE
2023-06-09,Easter Parade,1948,https://boxd.it/1nCe
2023-06-12,Spider-Man: Across the Spider-Verse,2023,https://boxd.it/kSz4
2023-06-21,It's a Wonderful Life,1946,https://boxd.it/28xA
2023-06-23,The Time Machine,1960,https://boxd.it/27mQ
2023-06-23,Something Good — Negro Kiss,1898,https://boxd.it/kPtM
2023-06-24,Linda Linda Linda,2005,https://boxd.it/1s1C
2023-07-02,Asteroid City,2023,https://boxd.it/s3ds
2023-07-05,Barbie in the Pink Shoes,2013,https://boxd.it/5dRG
2023-07-05,Hoax,2022,https://boxd.it/DqW8
2023-07-06,The Fantastic Golem Affairs,2023,https://boxd.it/DRP4
2023-07-09,Christiane F.,1981,https://boxd.it/1YiA
2023-07-15,The French Dispatch,2021,https://boxd.it/jLP8
2023-07-22,Barbie,2023,https://boxd.it/bCLK
2023-07-24,Nimona,2023,https://boxd.it/Aiyc
2023-07-30,Safe,1995,https://boxd.it/1gKU
2023-08-02,My Fault,2023,https://boxd.it/CcDk
2023-08-09,Una lección de cine,1999,https://boxd.it/7U7q
2023-08-10,Timecrimes,2007,https://boxd.it/1OGM
2023-08-11,Through My Window: Across the Sea,2023,https://boxd.it/BkEI
2023-08-11,The Kissing Booth,2018,https://boxd.it/geR0
2023-08-12,On the Town,1949,https://boxd.it/1iVg
2023-09-06,Bodies Bodies Bodies,2022,https://boxd.it/iRcE
2023-09-11,The Red Shoes,1948,https://boxd.it/1EXI
2023-09-11,House,1977,https://boxd.it/1vsm
2023-09-14,Tinker Bell,2008,https://boxd.it/1QEy
2023-09-16,Jennifer's Body,2009,https://boxd.it/1Efw
2023-09-17,Choose Love,2023,https://boxd.it/A6X0
2023-09-22,EMO the Musical,2016,https://boxd.it/e8Hk
2023-09-23,Sugar & Spice,2001,https://boxd.it/1JKa
2023-09-27,Mistress America,2015,https://boxd.it/9UfS
2023-09-29,Chinas,2023,https://boxd.it/D7pa
2023-10-01,Monster,2023,https://boxd.it/DJEM
2023-10-10,Wild Child,2008,https://boxd.it/1P0C
2023-10-11,The Passion of Joan of Arc,1928,https://boxd.it/29DO
2023-10-19,Infinity Pool,2023,https://boxd.it/oPSK
2023-10-24,Scream,1996,https://boxd.it/24EC
2023-11-02,Un amor,2023,https://boxd.it/F8XG
2023-11-03,Close Your Eyes,2023,https://boxd.it/BGhm
2023-11-07,Adventure Time,2007,https://boxd.it/bZZ6
2023-11-08,Five Nights at Freddy's,2023,https://boxd.it/ikHu
2023-11-20,Mamacruz,2023,https://boxd.it/E316
2023-11-27,Andrea's Love,2023,https://boxd.it/DSM6
2023-11-28,Bottoms,2023,https://boxd.it/uGf2
2023-12-05,The Messiah,2023,https://boxd.it/JdpC
2023-12-05,Holiday Inn,1942,https://boxd.it/1Q4K
2023-12-17,Naked Lunch,1991,https://boxd.it/26ow
2023-12-19,A Star Is Born,2018,https://boxd.it/aXgc
2023-12-22,Something Is About to Happen,2023,https://boxd.it/vf5w
2023-12-25,Barbie in 'A Christmas Carol',2008,https://boxd.it/1Q8C
2023-12-25,"20,000 Species of Bees",2023,https://boxd.it/DRPy
2023-12-26,Wheel of Fortune and Fantasy,2021,https://boxd.it/tWcm
2023-12-26,The Bling Ring,2013,https://boxd.it/3lPY
2023-12-28,Delicacy,2011,https://boxd.it/2Qmc
2023-12-29,Whore and Beloved,2018,https://boxd.it/jg9K
2023-12-30,Anatomy of a Fall,2023,https://boxd.it/yuDE
2023-12-31,The Umbrellas of Cherbourg,1964,https://boxd.it/22fK
2023-12-31,Saltburn,2023,https://boxd.it/z4eg
2024-01-01,The Discreet Charm of the Bourgeoisie,1972,https://boxd.it/2440
2024-01-02,The Girls Are Alright,2023,https://boxd.it/BTbQ
2024-01-02,Suspiria,1977,https://boxd.it/1SNW
2024-01-05,Suspiria,2018,https://boxd.it/cioI
2024-01-06,You're Next,2011,https://boxd.it/2WWK
2024-01-07,Belle de Jour,1967,https://boxd.it/29Uq
2024-01-07,Barbie as Rapunzel,2002,https://boxd.it/1MZW
2024-01-07,Barbie and the Three Musketeers,2009,https://boxd.it/1z4y
2024-01-07,Barbie Mariposa,2008,https://boxd.it/1Hom
2024-01-12,Hannah Montana: The Movie,2009,https://boxd.it/1Hx4
2024-01-12,Robot Dreams,2023,https://boxd.it/vBZm
2024-01-13,Somewhere,2010,https://boxd.it/14du
2024-01-15,Suzhou River,2000,https://boxd.it/1Tsq
2024-01-17,In a Glass Cage,1986,https://boxd.it/MnG
2024-01-18,Perfect Days,2023,https://boxd.it/ATh8
2024-01-25,Slow,2023,https://boxd.it/E31g
2024-01-26,Hoodwinked!,2005,https://boxd.it/1UVS
2024-01-27,Poor Things,2023,https://boxd.it/tNWU
2024-01-28,After Hours,1985,https://boxd.it/1VfS
2024-02-01,Wonka,2023,https://boxd.it/tCQm
2024-02-04,Creatura,2023,https://boxd.it/EydM
2024-02-10,All of Us Strangers,2023,https://boxd.it/Bz3C
2024-02-22,Trouble Every Day,2001,https://boxd.it/115M
2024-02-23,Last Known Address,1970,https://boxd.it/2sbu
2024-02-24,Society of the Snow,2023,https://boxd.it/y9aw
2024-02-28,Hazbin Hotel,2019,https://boxd.it/nCss
2024-02-29,May December,2023,https://boxd.it/vEE2
2024-03-02,The Seven Year Itch,1955,https://boxd.it/1VIK
2024-03-03,Sex and Lucía,2001,https://boxd.it/28UE
2024-03-04,Opening Night,1977,https://boxd.it/1f4e
2024-03-08,Y Tu Mamá También,2001,https://boxd.it/28QM
2024-03-13,Lava,2023,https://boxd.it/HMCW
2024-03-13,Divine Accounts,2022,https://boxd.it/IGYa
2024-03-13,Malegro verte,2023,https://boxd.it/HgBW
2024-03-13,High Life,2018,https://boxd.it/d6bk
2024-03-19,Bear Cub,2004,https://boxd.it/Ksk
2024-03-20,Baby Assassins,2021,https://boxd.it/vXei
2024-03-21,How to Have Sex,2023,https://boxd.it/EFIM
2024-03-21,Queer You Are,2021,https://boxd.it/yFa4
2024-03-22,American Fiction,2023,https://boxd.it/DYHm
2024-03-24,Gaslight,1944,https://boxd.it/1PYs
2024-03-26,Read Between the Lines,2022,https://boxd.it/Ar70
2024-03-26,Limits,2020,https://boxd.it/rRjo
2024-03-27,Labyrinth of Passion,1982,https://boxd.it/20tq
2024-03-28,Habana Blues,2005,https://boxd.it/Gv0
2024-04-01,Breathless,1960,https://boxd.it/2aIK
2024-04-02,Past Lives,2023,https://boxd.it/oNB8
2024-04-04,Club Zero,2023,https://boxd.it/znzC
2024-04-04,To Die For,1995,https://boxd.it/2a5o
2024-04-05,Torremolinos 73,2003,https://boxd.it/1tNi
2024-04-09,Barrio,1998,https://boxd.it/1hGY
2024-04-10,There's Still Tomorrow,2023,https://boxd.it/COrw
2024-04-15,The Magic Gloves,2003,https://boxd.it/48Hk
2024-04-18,Love Lies Bleeding,2024,https://boxd.it/zN4q
2024-04-20,Los mil y un descorches,1999,https://boxd.it/LLYg
2024-04-22,Silvia Prieto,1999,https://boxd.it/EI2
2024-04-25,Sisterhood,2023,https://boxd.it/CFo4
2024-04-26,Y,2023,https://boxd.it/GURo
2024-04-26,Die Schule brennt und wir wissen warum,2023,https://boxd.it/IRRY
2024-04-26,"I’m Fine, Mum",2022,https://boxd.it/F7ZG
2024-04-26,Longing for Light,2023,https://boxd.it/JDJo
2024-04-26,Sainte Sultana,2023,https://boxd.it/GEq2
2024-04-28,City Lights,1931,https://boxd.it/29ki
2024-04-28,"Good Bye, Lenin!",2003,https://boxd.it/2ayA
2024-04-28,Far from Heaven,2002,https://boxd.it/1VzS
2024-04-29,Another Round,2020,https://boxd.it/lkba
2024-05-03,Challengers,2024,https://boxd.it/zld0
2024-05-11,Bob & Carol & Ted & Alice,1969,https://boxd.it/1tIM
2024-05-15,Vivre Sa Vie,1962,https://boxd.it/28s6
2024-05-16,Asterix at the Olympic Games,2008,https://boxd.it/26Nw
2024-05-23,The Blondes,2016,https://boxd.it/lVGY
2024-05-23,Piggy,2018,https://boxd.it/inVu
2024-05-23,There Will Be Monsters,2020,https://boxd.it/qjYU
2024-05-23,La Chimera,2023,https://boxd.it/vzVi
2024-05-24,Interns,2023,https://boxd.it/FT5m
2024-05-24,The Puppet,2022,https://boxd.it/JZ8k
2024-05-24,The Illustrated Woman,2023,https://boxd.it/IWVw
2024-05-24,Un cuarto de equipaje,2021,https://boxd.it/E9xs
2024-05-24,The Leak,2022,https://boxd.it/E0zY
2024-05-24,To Bird or Not to Bird,2023,https://boxd.it/IMJg
2024-05-25,Seven Brides for Seven Brothers,1954,https://boxd.it/1JWA
2024-05-29,My Emptiness and I,2022,https://boxd.it/yOeO
2024-06-02,Parasite,2019,https://boxd.it/hTha
2024-06-13,Eyes Without a Face,1960,https://boxd.it/1j9i
2024-06-13,The Tobacconist of Vallecas,1987,https://boxd.it/3Kxg
2024-06-14,Lick the Star,1998,https://boxd.it/3f8Y
2024-06-16,Casa Flora,1973,https://boxd.it/aDZc
2024-06-18,Earth,1996,https://boxd.it/26GK
2024-06-21,"Ay, Carmela!",1990,https://boxd.it/Yua
2024-06-22,Magnolia,1999,https://boxd.it/2aze
2024-06-23,"Un, dos, tres, al escondite inglés",1970,https://boxd.it/7DLe
2024-06-23,Boystown,2007,https://boxd.it/1tts
2024-07-04,Inside Out 2,2024,https://boxd.it/CFrC
2024-07-08,Funny Ha Ha,2002,https://boxd.it/1f1a
2024-07-09,The World's End,2013,https://boxd.it/3EiO
2024-07-11,Europe '51,1952,https://boxd.it/Zji
2024-07-13,Return to Oz,1985,https://boxd.it/1QHM
2024-07-14,Thirteen,2003,https://boxd.it/1UPK
2024-07-18,Hardcore,1979,https://boxd.it/XyA
2024-07-20,Louder Than Bombs,2015,https://boxd.it/4WEK
2024-07-20,Legend,1985,https://boxd.it/1SCY
2024-07-24,The Book of Life,2014,https://boxd.it/6JKY
2024-07-26,Death of a Cyclist,1955,https://boxd.it/2pjK
2024-07-31,The Devil Queen,1974,https://boxd.it/7Haw
2024-08-01,"Mamá, mamá, mamá",2020,https://boxd.it/oNfm
2024-08-08,Hawaii,2013,https://boxd.it/60Xy
2024-08-10,The Tearsmith,2024,https://boxd.it/GCSS
2024-08-11,Floating Weeds,1959,https://boxd.it/LZu
2024-08-15,Trap,2024,https://boxd.it/D4nK
2024-08-16,Sultana's Dream,2023,https://boxd.it/zJYO
2024-08-18,Anguish,1987,https://boxd.it/XZ2
2024-08-19,The Sweet East,2023,https://boxd.it/CcHw
2024-08-23,Jurassic Park,1993,https://boxd.it/2aA2
2024-08-24,MaXXXine,2024,https://boxd.it/CIM4
2024-08-27,A Communal Place,2024,https://boxd.it/Loic
2024-08-30,Ugetsu,1953,https://boxd.it/1NyM
2024-08-31,Lost in Translation,2003,https://boxd.it/2b0E
2024-09-05,The Other Way Around,2024,https://boxd.it/K448
2024-09-16,Zalacaín el aventurero,1955,https://boxd.it/6iau
2024-09-18,Drifter,2023,https://boxd.it/CNyG
2024-09-24,Trainspotting,1996,https://boxd.it/29XY
2024-09-25,"Excuse Me Darling, But Lucas Loved Me",1997,https://boxd.it/2NuM
2024-09-27,Uglies,2024,https://boxd.it/sUKu
2024-09-27,Divergent,2014,https://boxd.it/4VT0
2024-09-29,The Concierge,2023,https://boxd.it/Gh06
2024-10-01,BPM (Beats per Minute),2017,https://boxd.it/g796
2024-10-03,Ziegfeld Follies,1945,https://boxd.it/V86
2024-10-05,Mataharis,2007,https://boxd.it/1d0Y
2024-10-05,A Woman Under the Influence,1974,https://boxd.it/1myg
2024-10-07,The Good Boss,2021,https://boxd.it/uVv0
2024-10-13,Dames,1934,https://boxd.it/Ti4
2024-10-19,The Orphanage,2007,https://boxd.it/2bfE
2024-10-20,The Room Next Door,2024,https://boxd.it/Fb4k
2024-10-30,The Substance,2024,https://boxd.it/zanS
2024-11-03,The Suicide Squad,2021,https://boxd.it/fw6O
2024-11-06,Anora,2024,https://boxd.it/Egcw
2024-11-07,What Ever Happened to Baby Jane?,1962,https://boxd.it/1WJE
2024-11-08,Hot Fuzz,2007,https://boxd.it/2416
2024-11-10,Jawbreaker,1999,https://boxd.it/1G7a
2024-11-16,Dinner in America,2020,https://boxd.it/oinu
2024-11-24,The Social Network,2010,https://boxd.it/17ue
2024-11-24,Donkey Skin,1970,https://boxd.it/22V2
2024-11-28,Cinderella,1947,https://boxd.it/WmS
2024-12-05,The Telephone Book,1971,https://boxd.it/40sm
2024-12-08,Daisies,1966,https://boxd.it/LZk
2024-12-21,Maborosi,1995,https://boxd.it/1G9U
2024-12-24,Mysterious Skin,2004,https://boxd.it/1UsG
2024-12-25,The Love Witch,2016,https://boxd.it/cZie
2024-12-25,Barbie Presents: Thumbelina,2009,https://boxd.it/1K8Q
2024-12-26,La Dolce Vita,1960,https://boxd.it/2anC
2025-01-02,The Coffee Table,2022,https://boxd.it/DY2e
2025-01-03,Nosferatu,2024,https://boxd.it/f5eG
2025-01-03,The Last Couplet,1957,https://boxd.it/2NuC
2025-01-05,Gremlins,1984,https://boxd.it/29gg
2025-01-06,Gremlins 2: The New Batch,1990,https://boxd.it/29g6
2025-01-13,La mitad de Ana,2024,https://boxd.it/D7pk
2025-01-15,Stones,2002,https://boxd.it/1q0i
2025-01-17,Friendly Dead,1994,https://boxd.it/4mzY
2025-01-18,The Stepford Wives,1975,https://boxd.it/1Sfq
2025-01-26,Shaun of the Dead,2004,https://boxd.it/29J8
2025-01-28,10 Things I Hate About You,1999,https://boxd.it/23AO
2025-02-03,Amores Perros,2000,https://boxd.it/2bfu
2025-02-06,Johanne Sacreblu,2025,https://boxd.it/TlZy
2025-02-10,Martin (Hache),1997,https://boxd.it/Uve
2025-02-12,Even the Rain,2010,https://boxd.it/wbu
2025-02-14,I Am Nevenka,2024,https://boxd.it/KY94
2025-02-20,Las que tienen que servir,1967,https://boxd.it/6zK0
2025-02-22,Land and Freedom,1995,https://boxd.it/14Xi
2025-02-23,Beware of Children,2019,https://boxd.it/laXe
2025-02-27,Pierrot le Fou,1965,https://boxd.it/26j2
2025-03-01,Conclave,2024,https://boxd.it/AO8q
2025-03-11,Daniela Forever,2024,https://boxd.it/F1f8
2025-03-22,Abracadabra,2017,https://boxd.it/e9zc
2025-03-24,I ♥ Huckabees,2004,https://boxd.it/28vk
2025-03-27,8,2025,https://boxd.it/DROg
2025-03-29,Laurence Anyways,2012,https://boxd.it/3HQu
2025-04-04,All About Lily Chou-Chou,2001,https://boxd.it/1JP0
2025-04-05,Emilia Pérez,2024,https://boxd.it/AP3G
2025-04-12,That Obscure Object of Desire,1977,https://boxd.it/22zg
2025-04-13,21 Grams,2003,https://boxd.it/2ajK
2025-04-17,Cows,1992,https://boxd.it/26J0
2025-04-19,Me and You and Everyone We Know,2005,https://boxd.it/28RK
2025-04-21,The Ferpect Crime,2004,https://boxd.it/1Yri
2025-04-22,The Summer,2023,https://boxd.it/Ggy2
2025-04-22,Vollúpya,2024,https://boxd.it/LJjA
2025-04-23,The Happiness of the Katakuris,2001,https://boxd.it/1KDY
2025-04-30,Spirit: Stallion of the Cimarron,2002,https://boxd.it/1Zmo
2025-04-30,The Sin of Harold Diddlebock,1947,https://boxd.it/1zM6
2025-05-05,The Red Squirrel,1993,https://boxd.it/26Iw
2025-05-05,It Ends with Us,2024,https://boxd.it/ENjg
2025-05-07,Lovers of the Arctic Circle,1998,https://boxd.it/28NS
2025-05-15,Bad Influence,2025,https://boxd.it/OxaM
2025-05-15,Sunday's Illness,2018,https://boxd.it/fKLG
2025-05-15,El domingo,2017,https://boxd.it/ilDe
2025-05-18,The Little Apartment,1958,https://boxd.it/3JdO
2025-05-18,The Holy Innocents,1984,https://boxd.it/2CbE
2025-05-25,The Violet Seller,1958,https://boxd.it/3XWo
2025-05-26,Esa mujer,1969,https://boxd.it/4MnY
2025-05-29,The Good Manners,2025,https://boxd.it/S8go
2025-06-01,Shout Out,1998,https://boxd.it/3uE6
2025-06-25,Memoir of a Snail,2024,https://boxd.it/EgX8
2025-06-28,El camino,1964,https://boxd.it/cmX8
2025-06-28,Lovers: A True Story,1991,https://boxd.it/YxI
2025-06-29,The Third Man,1949,https://boxd.it/294E
2025-07-01,Una Palabra Tuya,2008,https://boxd.it/2llC
2025-07-05,Tess,1979,https://boxd.it/1UAq
2025-07-07,KPop Demon Hunters,2025,https://boxd.it/ufwK
2025-07-08,I Will Survive,1999,https://boxd.it/2BH0
2025-07-08,How to Marry a Millionaire,1953,https://boxd.it/1WBq
2025-07-09,Pals,1982,https://boxd.it/3Rue
2025-07-10,The Last Showgirl,2024,https://boxd.it/KWtm
2025-07-15,Chill Out!,2003,https://boxd.it/4Dbk
2025-07-18,Manhattan,1979,https://boxd.it/29Na
2025-07-19,Love & Revolution,2023,https://boxd.it/Dzus
2025-07-20,Elegy,2008,https://boxd.it/1Thi
2025-07-23,Look Back,2024,https://boxd.it/LjA6
2025-07-25,The Twelve Tasks of Asterix,1976,https://boxd.it/1YOG
2025-07-29,Julia Is,2017,https://boxd.it/g2Vk
2025-07-30,Emma.,2020,https://boxd.it/kmg0
2025-07-30,Running Out of Time,1994,https://boxd.it/3OEq
2025-08-01,Coyote Ugly,2000,https://boxd.it/21PW
2025-08-13,Room in Rome,2010,https://boxd.it/HX0
2025-08-14,Weapons,2025,https://boxd.it/EMTM
2025-08-15,Asfalto,2000,https://boxd.it/5baq
2025-08-16,Boogie Nights,1997,https://boxd.it/23um
2025-08-17,"10,000 Km",2014,https://boxd.it/7qFM
2025-08-24,Agata's Friends,2015,https://boxd.it/beW0
2025-08-25,Summer 1993,2017,https://boxd.it/fAfK
2025-08-26,Les Girls,1957,https://boxd.it/V0w
2025-08-26,The Holdovers,2023,https://boxd.it/vHza
2025-08-28,Dark Blue Almost Black,2006,https://boxd.it/24ZK
2025-08-31,Daria in 'Is It College Yet?',2002,https://boxd.it/1y3a
2025-08-31,The Days to Come,2019,https://boxd.it/l8c6
2025-09-02,Together,2025,https://boxd.it/LdFE
2025-09-05,Common Wealth,2000,https://boxd.it/1TL8
2025-09-06,Astronautas,2003,https://boxd.it/2qYY
2025-09-07,Queens,2005,https://boxd.it/1ifY
2025-09-08,A Esmorga,2014,https://boxd.it/9tSo
2025-09-08,Guys and Dolls,1955,https://boxd.it/23Mq
2025-09-09,Blue Gate Crossing,2002,https://boxd.it/RhS
2025-09-09,Slumdog Millionaire,2008,https://boxd.it/1S3E
2025-09-10,Varietés,1971,https://boxd.it/6Leq
2025-09-10,Placido,1961,https://boxd.it/BFO
2025-09-11,The Romantic Exiles,2015,https://boxd.it/aSmO
2025-09-14,Babel,2006,https://boxd.it/292o
2025-09-15,The Captive,2025,https://boxd.it/L3So
2025-09-15,Miss Violet,2024,https://boxd.it/EgkK
2025-09-18,8 Dates,2008,https://boxd.it/1sLU
2025-09-18,Romería,2025,https://boxd.it/IR3k
2025-09-20,State Fair,1945,https://boxd.it/1rdi
